Workbook

Sheet Model
A1: Levitating chess coil-density model
A3: Design inputs
A4: Input | B4: Magnet cube edge (s) | C4: 3 | D4: mm | E4: cube edge; height = edge; pole pitch = magnets x edge
A5: Input | B5: Magnets per pole | C5: 2 | E5: cube-buildable Halbach, 90 deg magnetization steps
A6: Input | B6: Poles per side | C6: 4 | D6: poles | E6: Halbach poles across one platform side
A7: Input | B7: Magnet-to-coil distance | C7: 3 | D7: mm
A8: Input | B8: Plastic wall thickness | C8: 1.5 | D8: mm | E8: 3D-printed hollow shell wall
A9: Input | B9: DC bus voltage | C9: 5 | D9: V
A10: Input | B10: Max current per winding | C10: 0.03 | D10: A
A11: Input | B11: Move pulse duration | C11: 10 | D11: s
A12: Input | B12: Allowed wire temp rise after pulse | C12: 40 | D12: C
A13: Input | B13: Force safety factor | C13: 1.3 | D13: x | E13: Required force = piece weight * SF
A14: Input | B14: Control loop bandwidth margin | C14: 5 | D14: x | E14: loop must be this many times faster than the instability
A15: Input | B15: Pieces levitating simultaneously (worst case) | C15: 32 | D15: pieces | E15: all pieces moving at once (e.g. reset) = worst case
A16: Input | B16: Sense look-ahead factor | C16: 1.5 | D16: x | E16: extra coils scanned around each piece to track motion
A18: Fixed parameters
A19: Fixed | B19: Base material clearance around Halbach | C19: 1 | D19: mm | E19: Added to round base diameter
A20: Fixed | B20: Square fill ratio | C20: 0.8 | E20: Round base / square size
A21: Fixed | B21: Captured pieces total | C21: 32 | D21: pieces | E21: Side storage capacity
A22: Fixed | B22: Captured side areas | C22: 2 | D22: areas | E22: Left/right
A23: Fixed | B23: Captured packing efficiency | C23: 0.9 | E23: Tight side storage
A24: Fixed | B24: Herringbone orientation families | C24: 2 | E24: two coil directions for planar (x,y) force
A25: Fixed | B25: Halbach first-harmonic coefficient | C25: 0.65 | E25: Simplified first harmonic
A26: Fixed | B26: Reference king height | C26: 95 | D26: mm | E26: standard king height
A27: Fixed | B27: Reference king base diameter | C27: 44 | D27: mm | E27: standard king base
A28: Fixed | B28: Wire enamel outside factor | C28: 1.08
A29: Fixed | B29: Coil aspect ratio L/W (target) | C29: 2.5 | E29: used only to pick how many coils tile the platform length
A30: Fixed | B30: Winding radial width factor | C30: 0.35 | E30: x coil outer width
A31: Fixed | B31: Force straight-length efficiency | C31: 0.65 | E31: Phase/fringe allowance
A32: Fixed | B32: LED/current sink channels per chip | C32: 16 | D32: channels
A33: Fixed | B33: Usable bus voltage fraction | C33: 0.9 | E33: Headroom for driver losses
A34: Fixed | B34: LDC1614 sample rate per channel | C34: 4000 | D34: sps | E34: datasheet config-dependent
A35: Fixed | B35: Coils per sense channel (mux 16:1) | C35: 16 | D35: coils | E35: CD74HC4067 time-shares this many coils on one channel
A36: Constants
A37: Constant | B37: Board squares per side | C37: 8 | E37: chess board is 8x8
A38: Constant | B38: NdFeB remanence Br | C38: 1.24 | D38: T
A39: Constant | B39: NdFeB density | C39: 0.0075 | D39: g/mm3
A40: Constant | B40: Plastic density | C40: 0.0012 | D40: g/mm3 | E40: typical 3D-print plastic (g/cm3 scale)
A41: Constant | B41: Copper resistivity | C41: 1.724e-08 | D41: ohm.m
A42: Constant | B42: Copper density | C42: 8960 | D42: kg/m3
A43: Constant | B43: Copper heat capacity | C43: 385 | D43: J/kg.C
A45: Platform and board geometry
A46: Calc | B46: Magnetic pole pitch | C46: =C5*C4 | D46: mm | E46: tau = magnets per pole x cube edge
A47: Calc | B47: Platform square side | C47: =C6*C46 | D47: mm | E47: poles x pole pitch
A48: Calc | B48: Round base diameter | C48: =C47*SQRT(2)+C19 | D48: mm
A49: Calc | B49: Chess square size | C49: =C48/C20 | D49: mm
A50: Calc | B50: Active board side | C50: =C37*C49 | D50: mm
A51: Calc | B51: Captured pieces per side | C51: =CEILING(C21/C22,1) | D51: pieces
A52: Calc | B52: Captured rows per side | C52: =MAX(1,FLOOR(C50/C48,1)) | D52: rows
A53: Calc | B53: Captured columns per side | C53: =CEILING(C51/C52,1) | D53: cols
A54: Calc | B54: Side storage width each | C54: =C53*C48/C23 + C48*0.15 | D54: mm
A55: Calc | B55: Total motor width | C55: =C50 + C22*C54 | D55: mm
A56: Calc | B56: Total motor height | C56: =C50 | D56: mm
A57: Calc | B57: Total motor area | C57: =C55*C56 | D57: mm2
A59: Coil geometry (derived from pole pitch)
A60: Calc | B60: Coil outer width | C60: =C46 | D60: mm | E60: pole pitch; the two force sides straddle one pole (N and S)
A61: Calc | B61: Coil columns across width | C61: =C6 | D61: cols | E61: platform / coil width = one coil column per pole
A62: Calc | B62: Coil rows along length | C62: =MAX(1,ROUND(C47/(C29*C60),0)) | D62: rows | E62: chosen so length/width is near the target aspect
A63: Calc | B63: Coil outer length | C63: =C47/C62 | D63: mm | E63: platform tiled into this many rows
A64: Calc | B64: Coil aspect ratio (actual) | C64: =C63/C60
A65: Calc | B65: Coil bodies per orientation under platform | C65: =C61*C62 | D65: bodies
A66: Calc | B66: Coil bodies under platform | C66: =C24*C65 | D66: bodies | E66: derived: both orientations stacked over one piece tile
A67: Calc | B67: Coil body footprint area | C67: =C60*C63 | D67: mm2
A68: Calc | B68: Coil body density | C68: =C66/(C47^2) | D68: bodies/mm2
A69: Calc | B69: Equivalent coil spacing | C69: =SQRT(1/C68) | D69: mm
A70: Calc | B70: Total bifilar coil bodies | C70: =CEILING(C57*C68,1) | D70: bodies
A71: Calc | B71: Electrical windings per coil body | C71: 2 | D71: windings | E71: + and -
A72: Calc | B72: Total windings / driver outputs | C72: =C70*C71 | D72: outputs
A73: Calc | B73: 16-channel driver chips | C73: =CEILING(C72/C32,1) | D73: chips
A75: Magnet array
A76: Calc | B76: Magnet blocks per side | C76: =C6*C5
A77: Calc | B77: Magnet block volume | C77: =C4^3
A78: Calc | B78: Magnet blocks per platform | C78: =C76^2
A79: Calc | B79: Magnet block mass | C79: =C77*C39
A80: Calc | B80: Magnet mass total (real) | C80: =C78*C79
A82: Calc | B82: Halbach decay constant | C82: =SQRT(2)*PI()/C46
A83: Calc | B83: Magnet thickness factor | C83: =1-EXP(-C82*C4)
A84: Calc | B84: Distance decay factor | C84: =EXP(-C82*C7)
A85: Calc | B85: Estimated effective B at coils | C85: =C38*C25*C83*C84
A87: Piece mass
A88: Calc | B88: Size scale (base / reference) | C88: =C48/C27
A89: Calc | B89: Box height (scaled king) | C89: =C26*C88
A90: Calc | B90: Cylinder diameter (= base) | C90: =C48
A91: Calc | B91: Plastic shell volume | C91: =PI()/4*(C90^2*C89-(C90-2*C8)^2*(C89-2*C8))
A92: Calc | B92: Plastic shell mass | C92: =C91*C40
A93: Calc | B93: Mass warning | C93: =IF((C90-2*C8)<=0,"wall too thick for body","")
A94: Calc | B94: Piece mass (real) | C94: =C92+C80
A95: Calc | B95: Magnet mass fraction | C95: =C80/C94
A97: Force
A98: Calc | B98: Piece weight | C98: =C94/1000*9.80665 | D98: N
A99: Calc | B99: Force needed per coil body | C99: =C98/C66 | D99: N | E99: baseline at 1.0x lift
A100: Calc | B100: Useful straight length per turn | C100: =2*(C63-C60*C30)*C31 | D100: mm
A101: Calc | B101: Required ampere-turns per coil body | C101: =C99*C13/(C85*(C100/1000)) | D101: A.turns
A102: Calc | B102: Required turns at max current | C102: =CEILING(C101/C10,1) | D102: turns
A103: Calc | B103: Force per coil body at max current | C103: =C10*C102*C85*(C100/1000) | D103: N
A104: Calc | B104: Total force at max current | C104: =C103*C66 | D104: N
A105: Calc | B105: Force margin at max current | C105: =C104/C98 | D105: x
A107: Wire and thermal
A108: Calc | B108: Average wire length per turn | C108: =2*((C63-C60*C30)+(C60-C60*C30)) | D108: mm
A109: Calc | B109: Wire length per winding | C109: =C102*C108/1000 | D109: m
...

Sheet Options
A1: Component alternates (Digikey qty ~1k, USD). Pick one per category.
A3: Coil driver IC (chosen: TLC59283DBQR)
A4: MPN | B4: Ch | C4: Unit $ | D4: Qty | E4: Note | F4: Link
A5: TLC59283DBQR | B5: 16 | C5: 0.373 | D5: =Model!C73 | E5: Chosen; LED sink, needs external flyback | F5: =HYPERLINK("https://www.digikey.com/en/products/result?keywords=TLC59283DBQR","Digikey: TLC59283DBQR")
A6: TLC5928DBQR | B6: 16 | D6: =Model!C73 | E6: Higher-accuracy current sink | F6: =HYPERLINK("https://www.digikey.com/en/products/result?keywords=TLC5928DBQR","Digikey: TLC5928DBQR")
A7: STP16CP05XTTR | B7: 16 | D7: =Model!C73 | E7: Higher current capability | F7: =HYPERLINK("https://www.digikey.com/en/products/result?keywords=STP16CP05XTTR","Digikey: STP16CP05XTTR")
A8: TPIC6C596DR | B8: 8 | C8: 0.85 | D8: =Model!C72/8 | E8: DMOS, internal flyback, ~2x chip count | F8: =HYPERLINK("https://www.digikey.com/en/products/result?keywords=TPIC6C596DR","Digikey: TPIC6C596DR")
A9: ULN2803ADWR | B9: 8 | C9: 0.3 | D9: =Model!C72/8 | E9: Cheap but 0.9 V drop; not viable at 5 V | F9: =HYPERLINK("https://www.digikey.com/en/products/result?keywords=ULN2803ADWR","Digikey: ULN2803ADWR")
A11: Flyback diode (qty = one per driver output; only if driver lacks clamp)
A12: MPN | B12: Type | C12: Vf | D12: Unit $ | E12: Note | F12: Link
A13: 1N4148WS-7-F | B13: Si fast | C13: 1.0 V | D13: 0.04 | E13: Chosen; SOD-323 | F13: =HYPERLINK("https://www.digikey.com/en/products/result?keywords=1N4148WS-7-F","Digikey: 1N4148WS-7-F")
A14: BAT54XV2T1G | B14: Schottky | C14: 0.35 V | D14: 0.06 | E14: Lower Vf | F14: =HYPERLINK("https://www.digikey.com/en/products/result?keywords=BAT54XV2T1G","Digikey: BAT54XV2T1G")
A15: BAT30KFILM | B15: Schottky | C15: 0.30 V | D15: 0.091 | E15: Lowest Vf | F15: =HYPERLINK("https://www.digikey.com/en/products/result?keywords=BAT30KFILM","Digikey: BAT30KFILM")
A17: Magnet wire source (chosen: QA-1-155 0.05 mm)
A18: Source | B18: Qty | C18: Unit $ | D18: Total $ | E18: Note | F18: Link
A19: QA-1-155 0.05 mm, 1 kg (AE 4000274595791) | B19: =CEILING(Model!C127,1) | C19: 43 | D19: =B19*C19 | E19: Chosen; ~44 AWG, 1 kg spool | F19: =HYPERLINK("https://fr.aliexpress.com/item/4000274595791.html","Aliexpress item")
A20: 44SNSP.25 (Digikey) | B20: =CEILING(Model!C126/6081,1) | C20: 18 | D20: =B20*C20 | E20: Backup; Digikey stock, fast shipping | F20: =HYPERLINK("https://www.digikey.com/en/products/result?keywords=44SNSP.25","Digikey: 44SNSP.25")
A21: MWS Wire (custom) | B21: ~5 | C21: 80 | D21: ~400 | E21: Premium MIL-spec; quote required | F21: =HYPERLINK("https://www.mwswire.com/","MWS Wire")
A26: Standard magnet wire bare diameters (mm) - used by Model wire auto-select
A27: 0.03
A28: 0.04
A29: 0.05
A30: 0.063
A31: 0.071
A32: 0.08
A33: 0.09
A34: 0.1
A35: 0.112
A36: 0.125
A37: 0.14
A38: 0.16
A40: Standard magnet cube edge sizes (mm) - reference for the magnet cube edge input
A41: 0.5
A42: 1
A43: 1.5
A44: 2
A45: 2.5
A46: 3
A47: 3.5
A48: 4
A49: 5
A50: 6
